{
	"class_name" : "ViewTrajectory",
	"interval" : 29,
	"is_loop" : false,
	"trajectory" : 
	[
		{
			"boundingbox_max" : [ 423.5, 420.5, 355.5 ],
			"boundingbox_min" : [ 179.5, 214.5, 140.5 ],
			"field_of_view" : 5.0,
			"front" : [ 0.98692469074281663, 0.16105311022104699, -0.0064459669812447313 ],
			"lookat" : [ 300.91489693736793, 317.70061391253256, 245.59614262185985 ],
			"up" : [ 0.0077017091613379917, -0.0071740124134723931, 0.99994460707675592 ],
			"zoom" : 0.45999999999999974
		}
	],
	"version_major" : 1,
	"version_minor" : 0
}