{
	"class_name" : "ViewTrajectory",
	"interval" : 29,
	"is_loop" : false,
	"trajectory" : 
	[
		{
			"boundingbox_max" : [ 423.5, 420.5, 355.5 ],
			"boundingbox_min" : [ 179.5, 214.5, 140.5 ],
			"field_of_view" : 10.0,
			"front" : [ 0.99169261342008097, 0.11081226921988081, 0.065317696517793719 ],
			"lookat" : [ 301.55726352916793, 314.7824678102387, 253.81908937806958 ],
			"up" : [ -0.10502251159496789, 0.40433065062732176, 0.90856314971584196 ],
			"zoom" : 0.45999999999999974
		}
	],
	"version_major" : 1,
	"version_minor" : 0
}