{
	"class_name" : "ViewTrajectory",
	"interval" : 29,
	"is_loop" : false,
	"trajectory" : 
	[
		{
			"boundingbox_max" : [ 180.40000268816948, 198.80000296235085, 171.2000025510788 ],
			"boundingbox_min" : [ 31.200000464916229, 5.2000000774860382, 1.2000000178813934 ],
			"field_of_view" : 5.0,
			"front" : [ 0.94731608824939961, 0.3074293834670212, -0.089885500081732211 ],
			"lookat" : [ 106.12398430831487, 101.70040817603125, 88.504489033873838 ],
			"up" : [ 0.087496746262954186, 0.021574690846647655, 0.99593114827696183 ],
			"zoom" : 0.45999999999999985
		}
	],
	"version_major" : 1,
	"version_minor" : 0
}