{
	"class_name" : "ViewTrajectory",
	"interval" : 29,
	"is_loop" : false,
	"trajectory" : 
	[
		{
			"boundingbox_max" : [ 50.800000756978989, 58.800000876188278, 34.000000506639481 ],
			"boundingbox_min" : [ 0.0, 0.0, 0.0 ],
			"field_of_view" : 5.0,
			"front" : [ 0.93637113213660284, 0.35068818683745862, 0.015063150861377382 ],
			"lookat" : [ 25.062682683460267, 30.245507565065338, 18.284272770176877 ],
			"up" : [ -0.015142955388211147, -0.0025149115791252524, 0.99988217611969676 ],
			"zoom" : 0.59999999999999998
		}
	],
	"version_major" : 1,
	"version_minor" : 0
}