{
	"class_name" : "ViewTrajectory",
	"interval" : 29,
	"is_loop" : false,
	"trajectory" : 
	[
		{
			"boundingbox_max" : [ 58.800000876188278, 58.800000876188278, 34.000000506639481 ],
			"boundingbox_min" : [ 10.000000149011612, 0.0, 0.0 ],
			"field_of_view" : 5.0,
			"front" : [ 0.95692965468338165, 0.19932985227105413, 0.21107639844649573 ],
			"lookat" : [ 34.400000512599945, 29.400000438094139, 17.00000025331974 ],
			"up" : [ -0.21572028612073266, 0.0016193028362893461, 0.9764538575961057 ],
			"zoom" : 0.66000000000000003
		}
	],
	"version_major" : 1,
	"version_minor" : 0
}